statement ok
create table t1(a int, b int);

statement ok
create table t2(c int, d int);

statement ok
insert into t1 values (1, 10), (1, 11), (2, 20);

statement ok
insert into t2 values (1, -10), (1, -11), (3, -30);

query IIII
select *
from (select a, b from t1 order by a) 
join (select c, d from t2 order by c) on a = c;
----
1 10 1 -10
1 10 1 -11
1 11 1 -10
1 11 1 -11

query IIII
select *
from (select a, b from t1 order by a) 
left join (select c, d from t2 order by c) on a = c;
----
1 10 1    -10 
1 10 1    -11 
1 11 1    -10 
1 11 1    -11 
2 20 NULL NULL

query IIII
select *
from (select a, b from t1 order by a) 
right join (select c, d from t2 order by c) on a = c;
----
1    10   1 -10
1    10   1 -11
1    11   1 -10
1    11   1 -11
NULL NULL 3 -30

query IIII
select *
from (select a, b from t1 order by a) 
full join (select c, d from t2 order by c) on a = c;
----
1    10   1    -10 
1    10   1    -11 
1    11   1    -10 
1    11   1    -11 
2    20   NULL NULL
NULL NULL 3    -30 

statement ok
drop table t1;

statement ok
drop table t2;
