statement ok
create table t(v1 int, v2 int, v3 int)

statement ok
insert into t values (1,10,100)

query II
select v1, v2 from t
----
1   10

query I
select v1 + v2 from t
----
11
