# Test subquery 

statement ok
create table t(a int, b int);

statement ok
insert into t values (1, 2), (3, 4);

query II
select a, b from (select a, b from t);
----
1 2
3 4

query II
select x.a, x.b from (select a, b from t) as x;
----
1 2
3 4

query II
select * from (select a, b from t);
----
1 2
3 4

query I
select s from (select a + b as s from t);
----
3
7

query II rowsort
select a, b from (select b from t), (select a from t);
----
1 2
1 4
3 2
3 4

query II rowsort
select x.a, y.a from 
    (select -a as a from t) as x,
    (select -b as a from t) as y;
----
-1 -2
-1 -4
-3 -2
-3 -4

query error duplicated alias
select a, b from t, t;

query error ambiguous column
select a, b from t, t as t1;

query IIII
select t.a, t.b, t1.a, t1.b from t, t as t1;
----
1 2 1 2
3 4 1 2
1 2 3 4
3 4 3 4

# count(*) from different tables should be distinct
query II
select c2, c1 from
    (select count(*) as c1 from t where a = 1),
    (select count(*) as c2 from t);
----
2 1

# row_number() from different tables should be distinct
query II rowsort
select c2, c1 from
    (select row_number() over () as c1 from t where a = 1),
    (select row_number() over () as c2 from t);
----
1 1
2 1

# columns from CTE should be distinct
query I
with t(a) as (select a from t)
select t.a + t1.a from t, t as t1;
----
2
4
4
6

# subquery in select
query IB
select a, a > (select avg(a) from t) from t;
----
1 false
3 true

# subquery in where
query I
select a from t where a > (select avg(a) from t);
----
3

# IN subquery in select
query I
select a in (select b + 1 from t) from t;
----
false
true

# NOT IN subquery in select
query I
select a not in (select b + 1 from t) from t;
----
true
false

# IN subquery in where
query I
select a from t where a in (select b + 1 from t);
----
3

# NOT IN subquery in where
query I
select a from t where a not in (select b + 1 from t);
----
1

# EXISTS subquery in where
query I
select a from t where exists (select 1 from t as t1 where t1.b = t.a + 1);
----
3

# subquery in having
query I
select a from t group by a having a > (select avg(a) from t);
----
3

# subquery in order by
query I
select a from t order by (select avg(t1.b) from t as t1 where t1.a = t.a);
----
1
3

statement ok
drop table t;
