statement ok
CREATE TABLE t (a INT);

statement ok
INSERT INTO t(a) VALUES (1), (2), (3);

query I
SELECT row_number() OVER () FROM t;
----
1
2
3

query I
SELECT a - row_number() OVER () FROM t;
----
0
0
0

query I
SELECT sum(a) OVER () FROM t;
----
1
3
6

statement error WHERE clause cannot contain window functions
SELECT a FROM t WHERE sum(a) OVER () > 0;

statement error HAVING clause cannot contain window functions
SELECT a FROM t HAVING sum(a) OVER () > 0;
